Timestamp,SnapshotIndex,ModbusValid,DAQValid,DAQRunning,ECUValid,Modbus_0,Modbus_1,Modbus_2,DAQ_0,DAQ_1,DAQ_2,DAQ_3,DAQ_4,ECU_Throttle,ECU_EngineSpeed,ECU_CylinderTemp,ECU_ExhaustTemp,ECU_AxleTemp,ECU_FuelPressure,ECU_IntakeTemp,ECU_AtmPressure,ECU_FlightTime
5.800,1,0,0,0,0,,,,,,,,,,,,,,,,,
5.900,2,0,0,0,1,,,,,,,,,9.70,977.00,-8.00,145.00,-22.00,78.00,-28.00,11.00,59.00
6.100,3,0,1,1,1,,,,-0.013659,-0.013659,-0.018592,0.011007,-0.008726,4.60,467.00,-20.00,55.00,-32.00,36.00,-34.00,5.00,59.00
6.200,4,0,1,1,1,,,,-0.003792,-0.008726,-0.003792,0.011007,-0.003792,4.60,467.00,-20.00,55.00,-32.00,36.00,-34.00,5.00,59.00
6.300,5,0,1,1,1,,,,-0.003792,-0.008726,-0.008726,0.011007,-0.003792,2.70,279.00,-24.00,20.00,-36.00,22.00,-38.00,3.00,59.00
6.400,6,1,1,1,1,26.3100,26.6300,26.0800,-0.008726,-0.013659,-0.013659,0.001141,-0.003792,1.30,138.00,-28.00,-5.00,-38.00,10.00,-40.00,1.00,59.00
6.500,7,1,1,1,1,26.3100,26.6300,26.0800,-0.008726,-0.018592,-0.018592,0.011007,-0.003792,0.40,46.00,-30.00,-25.00,-40.00,2.00,-40.00,0.00,59.00
6.600,8,1,1,1,1,26.3100,26.6300,26.0800,-0.003792,-0.013659,-0.013659,0.011007,-0.003792,0.00,3.00,-30.00,-30.00,-40.00,0.00,-40.00,0.00,59.00
6.700,9,1,1,1,1,26.3100,26.6300,26.0800,-0.003792,-0.008726,-0.013659,0.011007,-0.003792,0.10,10.00,-30.00,-30.00,-40.00,0.00,-40.00,0.00,59.00
6.900,10,1,1,1,1,26.3060,26.6300,26.0800,-0.013659,-0.018592,-0.018592,0.011007,-0.008726,1.70,173.00,-28.00,0.00,-38.00,12.00,-38.00,2.00,59.00
7.000,11,1,1,1,1,26.3014,26.6300,26.0800,-0.008726,-0.008726,-0.013659,0.011007,-0.008726,3.20,327.00,-24.00,25.00,-34.00,26.00,-36.00,3.00,59.00
7.100,12,1,1,1,1,26.3006,26.6300,26.0800,-0.008726,-0.013659,-0.013659,0.020874,-0.003792,5.20,528.00,-18.00,65.00,-30.00,42.00,-34.00,6.00,59.00
7.200,13,1,1,1,1,26.3003,26.6300,26.0800,-0.003792,-0.008726,-0.003792,0.011007,-0.003792,7.70,774.00,-14.00,110.00,-26.00,60.00,-30.00,9.00,59.00
7.300,14,1,1,1,1,26.3001,26.6300,26.0800,-0.003792,-0.008726,-0.013659,0.011007,-0.003792,10.60,1062.00,-6.00,160.00,-20.00,84.00,-26.00,12.00,59.00
7.400,15,1,1,1,1,26.3001,26.6300,26.0800,-0.008726,-0.013659,-0.013659,0.011007,-0.008726,10.60,1062.00,-6.00,160.00,-20.00,84.00,-26.00,12.00,59.00
7.500,16,1,1,1,1,26.3000,26.6300,26.0800,-0.003792,-0.008726,-0.013659,0.001141,0.006074,13.90,1389.00,0.00,220.00,-14.00,110.00,-22.00,16.00,59.00
7.600,17,1,1,1,1,26.3000,26.6300,26.0800,-0.008726,-0.008726,-0.013659,0.011007,-0.023525,17.50,1752.00,10.00,285.00,-8.00,140.00,-16.00,21.00,59.00
7.700,18,1,1,1,1,26.3000,26.6300,26.0800,-0.003792,-0.008726,-0.008726,0.011007,-0.003792,21.40,2148.00,18.00,360.00,0.00,170.00,-10.00,25.00,59.00
7.800,19,1,1,1,1,26.3000,26.6300,26.0800,-0.013659,-0.018592,-0.013659,0.011007,-0.013659,25.70,2573.00,28.00,435.00,8.00,204.00,-4.00,30.00,59.00
7.900,20,1,1,1,1,26.3000,26.6300,26.0800,-0.003792,-0.013659,-0.008726,0.015940,-0.003792,30.20,3021.00,38.00,520.00,16.00,240.00,2.00,36.00,59.00
8.000,21,1,1,1,1,26.3000,26.6300,26.0800,-0.003792,-0.008726,-0.013659,0.006074,-0.008726,34.80,3489.00,50.00,605.00,26.00,278.00,8.00,41.00,59.00
8.200,22,1,1,1,1,26.3000,26.6300,26.0800,-0.008726,-0.008726,-0.013659,0.006074,-0.008726,44.60,4467.00,72.00,785.00,44.00,356.00,22.00,53.00,59.00
8.300,23,1,1,1,1,26.3000,26.6300,26.0800,-0.013659,-0.018592,-0.018592,0.011007,-0.008726,49.60,4965.00,84.00,875.00,54.00,396.00,28.00,59.00,59.00
8.400,24,1,1,1,1,26.3000,26.6300,26.0800,-0.008726,-0.008726,-0.008726,0.011007,-0.008726,54.60,5465.00,94.00,965.00,62.00,436.00,36.00,65.00,59.00
8.500,25,1,1,1,1,26.3000,26.6300,26.0800,-0.008726,-0.013659,-0.013659,0.011007,-0.008726,59.60,5959.00,106.00,1055.00,72.00,476.00,42.00,71.00,59.00
8.600,26,1,1,1,1,26.3000,26.6300,26.0800,-0.003792,-0.008726,-0.018592,0.011007,-0.003792,59.60,5959.00,106.00,1055.00,72.00,476.00,42.00,71.00,59.00
8.700,27,1,1,1,1,26.3000,26.6300,26.0800,-0.008726,-0.013659,-0.013659,0.011007,-0.008726,64.40,6445.00,118.00,1145.00,82.00,514.00,50.00,77.00,59.00
8.900,28,1,1,1,1,26.3000,26.6300,26.0800,-0.008726,-0.013659,-0.013659,0.015940,-0.008726,73.60,7367.00,138.00,1310.00,98.00,588.00,62.00,88.00,59.00
9.000,29,1,1,1,1,26.3045,26.6300,26.0800,-0.003792,-0.008726,-0.018592,0.011007,0.011007,77.90,7795.00,148.00,1390.00,108.00,622.00,68.00,93.00,59.00
9.100,30,1,1,1,1,26.3054,26.6300,26.0800,-0.008726,-0.013659,-0.018592,0.006074,-0.008726,81.90,8194.00,158.00,1465.00,114.00,654.00,74.00,98.00,59.00
9.200,31,1,1,1,1,26.3050,26.6300,26.0800,-0.008726,-0.013659,-0.013659,0.011007,-0.003792,85.60,8563.00,166.00,1530.00,122.00,684.00,78.00,102.00,59.00
9.300,32,1,1,1,1,26.3083,26.6300,26.0843,-0.008726,-0.013659,-0.018592,0.001141,-0.008726,88.90,8895.00,174.00,1590.00,128.00,710.00,84.00,106.00,59.00
9.400,33,1,1,1,1,26.3092,26.6300,26.0818,-0.008726,-0.013659,-0.018592,0.011007,-0.003792,91.80,9188.00,180.00,1645.00,134.00,734.00,88.00,110.00,59.00
9.500,34,1,1,1,1,26.3096,26.6276,26.0809,-0.003792,-0.008726,-0.018592,0.011007,-0.008726,94.40,9440.00,186.00,1690.00,138.00,754.00,92.00,113.00,59.00
9.600,35,1,1,1,1,26.3098,26.6233,26.0804,-0.008726,-0.013659,-0.018592,0.015940,-0.008726,96.40,9647.00,190.00,1730.00,142.00,770.00,94.00,115.00,59.00
9.700,36,1,1,1,1,26.3099,26.6214,26.0802,-0.008726,-0.013659,-0.013659,0.011007,-0.003792,98.00,9808.00,194.00,1760.00,146.00,784.00,96.00,117.00,59.00
9.800,37,1,1,1,1,26.3035,26.6205,26.0801,-0.008726,-0.013659,-0.018592,0.011007,-0.003792,98.00,9808.00,194.00,1760.00,146.00,784.00,96.00,117.00,59.00
9.900,38,1,1,1,1,26.3015,26.6202,26.0800,-0.023525,-0.023525,-0.023525,0.011007,-0.023525,99.20,9921.00,198.00,1780.00,148.00,792.00,98.00,119.00,59.00
10.000,39,1,1,1,1,26.3007,26.6201,26.0800,-0.008726,-0.013659,-0.013659,0.006074,-0.003792,99.80,9984.00,198.00,1790.00,148.00,798.00,98.00,119.00,59.00
10.100,40,1,1,1,1,26.3003,26.6200,26.0800,-0.008726,-0.013659,-0.018592,0.011007,-0.008726,99.90,9998.00,198.00,1790.00,148.00,798.00,98.00,119.00,59.00
10.200,41,1,1,1,1,26.3001,26.6200,26.0800,-0.003792,-0.008726,-0.013659,0.011007,-0.003792,99.60,9962.00,198.00,1785.00,148.00,796.00,98.00,119.00,59.00
10.400,42,1,1,1,1,26.3000,26.6200,26.0800,-0.003792,-0.013659,-0.018592,0.011007,-0.003792,97.40,9742.00,194.00,1745.00,144.00,778.00,96.00,116.00,59.00
10.500,43,1,1,1,1,26.3000,26.6200,26.0800,-0.013659,-0.018592,-0.018592,0.011007,-0.018592,95.60,9560.00,188.00,1710.00,140.00,764.00,92.00,114.00,59.00
10.600,44,1,1,1,1,26.3000,26.6200,26.0800,-0.008726,-0.013659,-0.028458,0.011007,-0.008726,93.30,9333.00,184.00,1670.00,136.00,746.00,90.00,112.00,59.00
10.700,45,1,1,1,1,26.3057,26.6200,26.0800,-0.008726,-0.018592,-0.023525,0.011007,-0.008726,90.60,9062.00,178.00,1620.00,132.00,724.00,86.00,108.00,59.00
10.900,46,1,1,1,1,26.3091,26.6200,26.0800,-0.008726,-0.013659,-0.018592,0.006074,-0.008726,87.50,8751.00,170.00,1565.00,126.00,700.00,82.00,105.00,59.00
11.000,47,1,1,1,1,26.3096,26.6200,26.0800,-0.003792,-0.013659,-0.018592,0.011007,0.011007,84.00,8402.00,162.00,1500.00,118.00,672.00,76.00,100.00,59.00
11.100,48,1,1,1,1,26.3098,26.6200,26.0800,-0.013659,-0.018592,-0.023525,0.011007,-0.008726,80.20,8019.00,154.00,1430.00,112.00,640.00,72.00,96.00,59.00
11.200,49,1,1,1,1,26.3099,26.6200,26.0800,-0.008726,-0.013659,-0.018592,0.015940,-0.008726,76.00,7606.00,144.00,1355.00,104.00,608.00,66.00,91.00,59.00
11.400,50,1,1,1,1,26.3100,26.6200,26.0800,-0.008726,-0.018592,-0.023525,-0.003792,-0.008726,67.00,6706.00,124.00,1190.00,86.00,536.00,52.00,80.00,59.00
11.500,51,1,1,1,1,26.3100,26.6200,26.0800,-0.008726,-0.018592,-0.023525,0.006074,-0.008726,62.20,6229.00,112.00,1105.00,78.00,498.00,46.00,74.00,59.00
11.600,52,1,1,1,1,26.3100,26.6200,26.0800,-0.003792,-0.008726,-0.013659,0.011007,-0.008726,57.30,5739.00,102.00,1015.00,68.00,458.00,40.00,68.00,59.00
11.700,53,1,1,1,1,26.3100,26.6200,26.0800,-0.008726,-0.013659,-0.023525,0.011007,-0.003792,52.40,5241.00,90.00,925.00,58.00,418.00,32.00,62.00,59.00
11.800,54,1,1,1,1,26.3043,26.6200,26.0800,-0.013659,-0.018592,-0.023525,0.011007,-0.008726,47.40,4742.00,78.00,835.00,50.00,378.00,26.00,56.00,59.00
11.900,55,1,1,1,1,26.3020,26.6200,26.0800,-0.008726,-0.013659,-0.018592,0.011007,-0.003792,42.40,4244.00,66.00,740.00,40.00,338.00,18.00,50.00,59.00
12.000,56,1,1,1,1,26.3009,26.6200,26.0800,-0.008726,-0.013659,-0.013659,0.011007,-0.003792,42.40,4244.00,66.00,740.00,40.00,338.00,18.00,50.00,59.00
12.100,57,1,1,1,1,26.3004,26.6200,26.0800,-0.008726,-0.008726,-0.018592,0.006074,-0.008726,37.50,3755.00,56.00,655.00,30.00,300.00,12.00,45.00,59.00
12.200,58,1,1,1,1,26.3001,26.6200,26.0800,-0.018592,-0.018592,-0.038325,0.011007,-0.008726,32.70,3277.00,44.00,565.00,22.00,262.00,4.00,39.00,59.00
12.400,59,1,1,1,1,26.3000,26.6200,26.0800,-0.013659,-0.013659,-0.018592,0.011007,-0.008726,23.80,2379.00,24.00,400.00,4.00,190.00,-8.00,28.00,59.00
12.500,60,1,1,1,1,26.3000,26.6200,26.0800,-0.013659,-0.018592,-0.023525,0.011007,-0.008726,19.60,1967.00,14.00,325.00,-4.00,156.00,-14.00,23.00,59.00
12.600,61,1,1,1,1,26.3000,26.6200,26.0800,-0.013659,-0.018592,-0.028458,0.011007,-0.008726,15.80,1585.00,6.00,255.00,-10.00,126.00,-18.00,19.00,59.00
12.700,62,1,1,1,1,26.3000,26.6200,26.0800,-0.013659,-0.018592,-0.023525,-0.008726,-0.008726,12.30,1238.00,-2.00,195.00,-18.00,98.00,-24.00,14.00,59.00
12.800,63,1,1,1,1,26.3000,26.6200,26.0800,-0.013659,-0.018592,-0.023525,0.025807,-0.013659,9.20,928.00,-10.00,135.00,-24.00,74.00,-28.00,11.00,59.00
12.900,64,1,1,1,1,26.3000,26.6200,26.0800,-0.008726,-0.013659,-0.028458,0.006074,0.020874,6.50,658.00,-16.00,90.00,-28.00,52.00,-32.00,7.00,59.00
13.000,65,1,1,1,1,26.3000,26.6200,26.0800,-0.008726,-0.018592,-0.028458,0.006074,-0.008726,4.30,432.00,-22.00,45.00,-32.00,34.00,-34.00,5.00,59.00
13.200,66,1,1,1,1,26.3000,26.6200,26.0800,-0.013659,-0.018592,-0.018592,0.011007,-0.003792,2.50,252.00,-26.00,15.00,-36.00,20.00,-38.00,3.00,59.00
13.300,67,1,1,1,1,26.3000,26.6200,26.0800,-0.008726,-0.018592,-0.028458,0.006074,-0.013659,1.10,119.00,-28.00,-10.00,-38.00,8.00,-40.00,1.00,59.00
13.400,68,1,1,1,1,26.3000,26.6200,26.0800,-0.013659,-0.018592,-0.023525,0.011007,-0.008726,0.30,35.00,-30.00,-25.00,-40.00,2.00,-40.00,0.00,59.00
13.500,69,1,1,1,1,26.3057,26.6200,26.0800,-0.008726,-0.013659,-0.023525,0.011007,-0.008726,0.00,0.00,-30.00,-30.00,-40.00,0.00,-40.00,0.00,59.00
13.600,70,1,1,1,1,26.3082,26.6200,26.0800,-0.013659,-0.013659,-0.018592,0.011007,-0.008726,0.10,16.00,-30.00,-30.00,-40.00,0.00,-40.00,0.00,59.00
13.800,71,1,1,1,1,26.3097,26.6200,26.0800,-0.008726,-0.013659,-0.023525,0.006074,-0.008726,1.90,195.00,-26.00,5.00,-38.00,14.00,-38.00,2.00,59.00
13.900,72,1,1,1,1,26.3099,26.6200,26.0800,-0.013659,-0.013659,-0.028458,0.006074,-0.008726,3.50,358.00,-22.00,35.00,-34.00,28.00,-36.00,4.00,59.00
14.000,73,1,1,1,1,26.3100,26.6200,26.0800,-0.008726,-0.013659,-0.018592,0.011007,-0.008726,5.60,566.00,-18.00,70.00,-30.00,44.00,-34.00,6.00,59.00
14.100,74,1,1,1,1,26.3100,26.6200,26.0800,-0.008726,-0.018592,-0.023525,0.011007,-0.008726,8.10,819.00,-12.00,115.00,-26.00,64.00,-30.00,9.00,59.00
14.200,75,1,1,1,1,26.3100,26.6200,26.0800,-0.008726,-0.018592,-0.023525,0.011007,-0.008726,11.10,1114.00,-6.00,170.00,-20.00,88.00,-26.00,13.00,59.00
14.300,76,1,1,1,1,26.3100,26.6200,26.0800,-0.008726,-0.013659,-0.018592,0.006074,-0.003792,14.40,1448.00,2.00,230.00,-14.00,114.00,-20.00,17.00,59.00
14.500,77,1,1,1,1,26.3100,26.6240,26.0766,-0.003792,-0.013659,-0.023525,-0.013659,0.001141,18.10,1817.00,10.00,300.00,-6.00,144.00,-16.00,21.00,59.00
14.600,78,1,1,1,1,26.3058,26.6281,26.0789,-0.008726,-0.013659,-0.018592,0.025807,-0.008726,22.10,2218.00,20.00,370.00,2.00,176.00,-10.00,26.00,59.00
14.700,79,1,1,1,1,26.3076,26.6291,26.0741,-0.013659,-0.018592,-0.018592,0.006074,-0.008726,26.40,2646.00,30.00,450.00,10.00,210.00,-4.00,31.00,59.00
14.800,80,1,1,1,1,26.3090,26.6296,26.0718,-0.008726,-0.013659,-0.018592,0.006074,-0.008726,30.90,3099.00,40.00,535.00,18.00,246.00,2.00,37.00,59.00
15.000,81,1,1,1,1,26.3030,26.6299,26.0703,-0.008726,-0.013659,-0.018592,0.015940,-0.008726,40.50,4055.00,62.00,710.00,36.00,324.00,16.00,48.00,59.00
15.100,82,1,1,1,1,26.3013,26.6300,26.0750,-0.008726,-0.013659,-0.018592,0.011007,-0.008726,45.50,4550.00,74.00,800.00,46.00,364.00,22.00,54.00,59.00
15.200,83,1,1,1,1,26.3006,26.6300,26.0777,-0.003792,-0.013659,-0.018592,0.020874,-0.008726,50.50,5050.00,86.00,890.00,54.00,404.00,30.00,60.00,59.00
15.300,84,1,1,1,1,26.3003,26.6300,26.0790,-0.008726,-0.013659,-0.023525,0.011007,-0.008726,55.40,5548.00,96.00,980.00,64.00,442.00,36.00,66.00,59.00
15.400,85,1,1,1,1,26.3001,26.6300,26.0796,-0.008726,-0.018592,-0.023525,0.006074,-0.008726,60.40,6042.00,108.00,1070.00,74.00,482.00,44.00,72.00,59.00
15.500,86,1,1,1,1,26.3000,26.6300,26.0799,-0.008726,-0.013659,-0.018592,0.011007,-0.008726,60.40,6042.00,108.00,1070.00,74.00,482.00,44.00,72.00,59.00
15.600,87,1,1,1,1,26.3056,26.6300,26.0799,-0.008726,-0.013659,-0.018592,0.001141,-0.003792,65.20,6525.00,120.00,1160.00,82.00,522.00,50.00,78.00,59.00
15.700,88,1,1,1,1,26.3081,26.6300,26.0800,-0.008726,-0.013659,-0.013659,0.011007,-0.003792,69.90,6993.00,130.00,1245.00,92.00,558.00,56.00,83.00,59.00
15.800,89,1,1,1,1,26.3091,26.6300,26.0800,-0.003792,-0.008726,-0.013659,0.011007,0.001141,74.40,7440.00,140.00,1325.00,100.00,594.00,64.00,89.00,59.00
15.900,90,1,1,1,1,26.3096,26.6300,26.0800,-0.003792,-0.008726,-0.033392,0.011007,0.001141,78.60,7864.00,150.00,1405.00,108.00,628.00,70.00,94.00,59.00
16.000,91,1,1,1,1,26.3098,26.6300,26.0800,-0.008726,-0.013659,-0.013659,0.011007,-0.003792,82.50,8259.00,158.00,1475.00,116.00,660.00,74.00,99.00,59.00
16.100,92,1,1,1,1,26.3100,26.6300,26.0800,-0.003792,-0.013659,-0.013659,0.006074,-0.008726,86.20,8621.00,168.00,1540.00,122.00,688.00,80.00,103.00,59.00
16.300,93,1,1,1,1,26.3100,26.6300,26.0800,-0.008726,-0.013659,-0.018592,0.001141,-0.003792,92.30,9234.00,182.00,1655.00,134.00,738.00,88.00,110.00,59.00
16.400,94,1,1,1,1,26.3100,26.6300,26.0800,-0.008726,-0.013659,-0.018592,0.011007,-0.008726,94.70,9478.00,188.00,1695.00,140.00,758.00,92.00,113.00,59.00
16.500,95,1,1,1,1,26.3100,26.6300,26.0800,-0.008726,-0.008726,-0.018592,0.011007,-0.003792,96.70,9678.00,192.00,1735.00,142.00,774.00,94.00,116.00,59.00
16.700,96,1,1,1,1,26.3100,26.6300,26.0800,-0.003792,-0.008726,-0.003792,0.011007,-0.003792,98.30,9830.00,196.00,1760.00,146.00,786.00,96.00,117.00,59.00
16.800,97,1,1,1,1,26.3100,26.6300,26.0800,-0.008726,-0.013659,-0.018592,0.011007,-0.003792,99.30,9935.00,198.00,1780.00,148.00,794.00,98.00,119.00,59.00
16.900,98,1,1,1,1,26.3100,26.6300,26.0800,-0.008726,-0.013659,-0.018592,0.011007,0.001141,99.90,9990.00,198.00,1790.00,148.00,798.00,98.00,119.00,59.00
17.100,99,1,1,1,1,26.3100,26.6300,26.0800,-0.008726,-0.013659,-0.023525,0.011007,-0.013659,99.50,9951.00,198.00,1785.00,148.00,796.00,98.00,119.00,59.00
17.200,100,1,1,1,1,26.3100,26.6300,26.0800,-0.018592,-0.018592,-0.018592,0.011007,-0.013659,98.50,9857.00,196.00,1765.00,146.00,788.00,98.00,118.00,59.00
17.300,101,1,1,1,1,26.3100,26.6276,26.0800,-0.003792,-0.013659,-0.013659,0.020874,-0.008726,97.10,9715.00,192.00,1740.00,144.00,776.00,96.00,116.00,59.00
17.400,102,1,1,1,1,26.3100,26.6254,26.0800,-0.008726,-0.018592,-0.018592,0.011007,-0.003792,95.20,9525.00,188.00,1705.00,140.00,762.00,92.00,114.00,59.00
17.500,103,1,1,1,1,26.3100,26.6283,26.0800,-0.013659,-0.018592,-0.008726,0.011007,-0.013659,92.90,9290.00,182.00,1665.00,136.00,742.00,90.00,111.00,59.00
17.600,104,1,1,1,1,26.3034,26.6296,26.0800,-0.003792,-0.008726,-0.008726,0.011007,-0.003792,90.10,9012.00,176.00,1610.00,130.00,720.00,86.00,108.00,59.00
17.700,105,1,1,1,1,26.3015,26.6246,26.0800,-0.008726,-0.013659,-0.018592,0.011007,-0.003792,86.90,8694.00,168.00,1555.00,124.00,694.00,80.00,104.00,59.00
17.800,106,1,1,1,1,26.3007,26.6222,26.0800,-0.008726,-0.013659,-0.013659,0.006074,-0.008726,83.40,8340.00,160.00,1490.00,118.00,666.00,76.00,100.00,59.00
17.900,107,1,1,1,1,26.3003,26.6209,26.0800,-0.008726,-0.013659,-0.018592,0.011007,-0.003792,79.50,7952.00,152.00,1420.00,110.00,636.00,70.00,95.00,59.00
18.100,108,1,1,1,1,26.3001,26.6202,26.0800,-0.008726,-0.013659,-0.013659,0.011007,-0.003792,75.30,7534.00,142.00,1345.00,102.00,602.00,64.00,90.00,59.00
18.200,109,1,1,1,1,26.3000,26.6201,26.0800,-0.003792,-0.008726,-0.008726,0.011007,0.006074,70.90,7091.00,132.00,1260.00,94.00,566.00,58.00,85.00,59.00
18.300,110,1,1,1,1,26.3000,26.6200,26.0800,-0.003792,-0.013659,-0.013659,0.011007,-0.008726,66.20,6627.00,122.00,1175.00,84.00,530.00,52.00,79.00,59.00
18.400,111,1,1,1,1,26.3000,26.6200,26.0800,-0.003792,-0.008726,-0.008726,-0.013659,-0.003792,61.40,6147.00,110.00,1090.00,76.00,490.00,46.00,73.00,59.00
18.500,112,1,1,1,1,26.3000,26.6200,26.0800,-0.008726,-0.013659,-0.013659,0.011007,-0.008726,56.50,5656.00,100.00,1000.00,66.00,452.00,38.00,67.00,59.00
18.600,113,1,1,1,1,26.3000,26.6200,26.0800,-0.003792,-0.008726,-0.008726,0.011007,-0.003792,51.50,5157.00,88.00,910.00,58.00,412.00,32.00,61.00,59.00
18.700,114,1,1,1,1,26.2977,26.6200,26.0800,-0.008726,-0.013659,-0.013659,0.001141,-0.003792,46.50,4658.00,76.00,820.00,48.00,372.00,24.00,55.00,59.00
18.900,115,1,1,1,1,26.2915,26.6223,26.0800,-0.013659,-0.018592,-0.018592,0.011007,-0.013659,36.70,3673.00,54.00,640.00,28.00,292.00,10.00,44.00,59.00
19.000,116,1,1,1,1,26.2906,26.6244,26.0849,-0.003792,-0.008726,-0.013659,0.011007,-0.003792,36.70,3673.00,54.00,640.00,28.00,292.00,10.00,44.00,59.00
19.100,117,1,1,1,1,26.2903,26.6242,26.0832,-0.003792,-0.008726,-0.013659,0.011007,-0.008726,31.90,3199.00,42.00,550.00,20.00,254.00,4.00,38.00,59.00
19.200,118,1,1,1,1,26.2901,26.6238,26.0811,-0.008726,-0.013659,-0.013659,0.011007,-0.003792,27.40,2742.00,32.00,470.00,12.00,218.00,-2.00,32.00,59.00
19.300,119,1,1,1,1,26.2966,26.6239,26.0858,-0.008726,-0.013659,-0.013659,0.011007,-0.008726,23.00,2308.00,22.00,390.00,2.00,184.00,-8.00,27.00,59.00
19.400,120,1,1,1,1,26.2984,26.6248,26.0880,-0.008726,-0.013659,-0.018592,0.011007,-0.008726,19.00,1901.00,12.00,315.00,-4.00,152.00,-14.00,22.00,59.00
19.500,121,1,1,1,1,26.2993,26.6221,26.0892,-0.008726,-0.013659,-0.018592,0.006074,-0.003792,15.20,1525.00,4.00,245.00,-12.00,122.00,-20.00,18.00,59.00
19.700,122,1,1,1,1,26.2999,26.6271,26.0898,-0.008726,-0.008726,-0.013659,0.020874,-0.008726,8.80,880.00,-10.00,130.00,-24.00,70.00,-28.00,10.00,59.00
19.800,123,1,1,1,1,26.2999,26.6259,26.0899,-0.008726,-0.018592,-0.018592,0.011007,-0.008726,6.10,617.00,-16.00,80.00,-30.00,48.00,-32.00,7.00,59.00
19.900,124,1,1,1,1,26.3022,26.6227,26.0900,-0.008726,-0.013659,-0.018592,0.011007,-0.008726,3.90,399.00,-22.00,40.00,-34.00,30.00,-36.00,4.00,59.00
20.000,125,1,1,1,1,26.3025,26.6207,26.0900,-0.008726,-0.013659,-0.023525,0.011007,-0.013659,2.20,226.00,-26.00,10.00,-36.00,18.00,-38.00,2.00,59.00
20.100,126,1,1,1,1,26.3063,26.6203,26.0900,-0.018592,-0.018592,-0.018592,0.006074,-0.008726,1.00,102.00,-28.00,-15.00,-40.00,8.00,-40.00,1.00,59.00
20.200,127,1,1,1,1,26.3060,26.6224,26.0900,-0.008726,-0.018592,-0.023525,0.006074,-0.008726,0.20,26.00,-30.00,-30.00,-40.00,2.00,-40.00,0.00,59.00
20.300,128,1,1,1,1,26.3026,26.6268,26.0900,-0.023525,-0.028458,-0.033392,0.011007,-0.013659,0.20,26.00,-30.00,-30.00,-40.00,2.00,-40.00,0.00,59.00
20.400,129,1,1,1,1,26.3012,26.6285,26.0900,-0.008726,-0.018592,-0.023525,0.011007,-0.003792,0.00,0.00,-30.00,-30.00,-40.00,0.00,-40.00,0.00,59.00
20.500,130,1,1,1,1,26.3004,26.6295,26.0900,-0.013659,-0.018592,-0.018592,0.011007,-0.008726,0.20,23.00,-30.00,-30.00,-40.00,0.00,-40.00,0.00,59.00
20.600,131,1,1,1,1,26.3002,26.6298,26.0900,-0.008726,-0.013659,-0.013659,0.011007,-0.008726,0.90,97.00,-28.00,-15.00,-40.00,6.00,-40.00,1.00,59.00
20.700,132,1,1,1,1,26.3000,26.6277,26.0900,-0.008726,-0.013659,-0.023525,0.011007,-0.008726,2.20,219.00,-26.00,10.00,-36.00,16.00,-38.00,2.00,59.00
20.800,133,1,1,1,1,26.3000,26.6233,26.0900,-0.008726,-0.018592,-0.018592,0.011007,-0.008726,3.90,390.00,-22.00,40.00,-34.00,30.00,-36.00,4.00,59.00
20.900,134,1,1,1,1,26.3000,26.6216,26.0900,-0.008726,-0.013659,-0.023525,0.011007,-0.008726,6.00,606.00,-18.00,80.00,-30.00,48.00,-32.00,7.00,59.00
21.000,135,1,1,1,1,26.3000,26.6207,26.0900,-0.013659,-0.018592,-0.023525,0.011007,0.001141,8.60,866.00,-12.00,125.00,-24.00,68.00,-28.00,10.00,59.00
21.200,136,1,1,1,1,26.3000,26.6201,26.0900,-0.008726,-0.018592,-0.018592,0.011007,-0.003792,15.00,1507.00,4.00,245.00,-12.00,120.00,-20.00,18.00,59.00
21.300,137,1,1,1,1,26.2951,26.6201,26.0900,-0.003792,-0.003792,-0.013659,0.011007,-0.003792,15.00,1507.00,4.00,245.00,-12.00,120.00,-20.00,18.00,59.00
21.400,138,1,1,1,1,26.2968,26.6200,26.0900,-0.008726,-0.013659,-0.018592,0.006074,-0.008726,18.80,1882.00,12.00,310.00,-6.00,150.00,-14.00,22.00,59.00
21.500,139,1,1,1,1,26.2942,26.6200,26.0900,-0.013659,-0.018592,-0.028458,0.011007,-0.003792,22.80,2288.00,22.00,385.00,2.00,182.00,-8.00,27.00,59.00
21.600,140,1,1,1,1,26.2914,26.6200,26.0900,-0.018592,-0.023525,-0.028458,0.011007,-0.013659,27.20,2721.00,32.00,465.00,10.00,216.00,-2.00,32.00,59.00
21.700,141,1,1,1,1,26.2904,26.6200,26.0900,-0.008726,-0.013659,-0.023525,0.006074,-0.008726,31.70,3177.00,42.00,545.00,20.00,254.00,4.00,38.00,59.00
21.800,142,1,1,1,1,26.2902,26.6200,26.0900,-0.008726,-0.018592,-0.023525,0.020874,-0.013659,36.50,3651.00,52.00,635.00,28.00,292.00,10.00,43.00,59.00
21.900,143,1,1,1,1,26.2901,26.6200,26.0900,-0.013659,-0.018592,-0.028458,0.020874,-0.018592,41.30,4138.00,64.00,725.00,38.00,330.00,16.00,49.00,59.00
22.100,144,1,1,1,1,26.2900,26.6200,26.0900,-0.008726,-0.013659,-0.023525,0.001141,-0.008726,51.30,5134.00,88.00,905.00,56.00,410.00,30.00,61.00,59.00
22.200,145,1,1,1,1,26.2900,26.6200,26.0900,-0.013659,-0.023525,-0.028458,0.006074,-0.013659,56.30,5632.00,98.00,995.00,66.00,450.00,38.00,67.00,59.00
22.300,146,1,1,1,1,26.2900,26.6200,26.0900,-0.018592,-0.023525,-0.033392,0.011007,-0.013659,61.20,6124.00,110.00,1085.00,76.00,488.00,44.00,73.00,59.00
22.400,147,1,1,1,1,26.2900,26.6200,26.0859,-0.023525,-0.028458,-0.033392,0.011007,-0.013659,66.00,6605.00,120.00,1175.00,84.00,528.00,52.00,79.00,59.00
22.500,148,1,1,1,1,26.2968,26.6200,26.0819,-0.008726,-0.013659,-0.018592,0.006074,-0.008726,66.00,6605.00,120.00,1175.00,84.00,528.00,52.00,79.00,59.00
22.600,149,1,1,1,1,26.2993,26.6200,26.0804,-0.018592,-0.023525,-0.023525,0.006074,-0.013659,70.70,7069.00,132.00,1260.00,94.00,564.00,58.00,84.00,59.00
22.700,150,1,1,1,1,26.2997,26.6200,26.0802,-0.003792,-0.013659,-0.023525,0.011007,-0.003792,75.10,7513.00,142.00,1340.00,102.00,600.00,64.00,90.00,59.00
22.800,151,1,1,1,1,26.2999,26.6200,26.0801,-0.008726,-0.013659,-0.023525,0.011007,-0.008726,79.30,7932.00,152.00,1415.00,110.00,634.00,70.00,95.00,59.00
23.000,152,1,1,1,1,26.3000,26.6200,26.0800,-0.013659,-0.018592,-0.023525,0.020874,-0.003792,86.70,8678.00,168.00,1550.00,124.00,694.00,80.00,104.00,59.00
23.100,153,1,1,1,1,26.3000,26.6200,26.0800,-0.003792,-0.008726,-0.018592,0.015940,-0.003792,89.90,8998.00,176.00,1610.00,130.00,718.00,84.00,107.00,59.00
23.200,154,1,1,1,1,26.3000,26.6200,26.0800,-0.018592,-0.018592,-0.018592,0.011007,-0.043258,92.70,9278.00,182.00,1660.00,136.00,742.00,88.00,111.00,59.00
23.300,155,1,1,1,1,26.3000,26.6200,26.0800,-0.003792,-0.013659,-0.013659,0.011007,-0.008726,95.10,9515.00,188.00,1705.00,140.00,760.00,92.00,114.00,59.00
23.400,156,1,1,1,1,26.3000,26.6200,26.0800,-0.008726,-0.018592,-0.018592,0.006074,-0.003792,97.00,9707.00,192.00,1740.00,144.00,776.00,94.00,116.00,59.00
23.500,157,1,1,1,1,26.3000,26.6200,26.0800,-0.013659,-0.013659,-0.013659,0.020874,-0.013659,98.50,9851.00,196.00,1765.00,146.00,788.00,96.00,118.00,59.00
23.600,158,1,1,1,1,26.3000,26.6200,26.0800,-0.008726,-0.013659,-0.018592,0.001141,-0.008726,99.40,9948.00,198.00,1785.00,148.00,794.00,98.00,119.00,59.00
23.700,159,1,1,1,1,26.3000,26.6200,26.0800,-0.013659,-0.018592,-0.018592,0.011007,-0.008726,99.90,9995.00,198.00,1790.00,148.00,798.00,98.00,119.00,59.00
23.800,160,1,1,1,1,26.3000,26.6200,26.0800,-0.008726,-0.013659,-0.018592,0.015940,-0.003792,99.90,9995.00,198.00,1790.00,148.00,798.00,98.00,119.00,59.00
23.900,161,1,1,1,1,26.3000,26.6200,26.0822,-0.013659,-0.013659,-0.013659,0.006074,-0.008726,99.90,9992.00,198.00,1790.00,148.00,798.00,98.00,119.00,59.00
24.000,162,1,1,1,1,26.3000,26.6200,26.0873,-0.008726,-0.018592,-0.023525,0.011007,-0.008726,99.30,9939.00,198.00,1780.00,148.00,794.00,98.00,119.00,59.00
24.100,163,1,1,1,1,26.3000,26.6200,26.0890,-0.008726,-0.013659,-0.018592,0.020874,-0.008726,98.30,9837.00,196.00,1765.00,146.00,786.00,96.00,118.00,59.00
24.200,164,1,1,1,1,26.3000,26.6200,26.0898,-0.008726,-0.008726,-0.013659,0.006074,-0.008726,96.80,9686.00,192.00,1735.00,144.00,774.00,94.00,116.00,59.00
24.300,165,1,1,1,1,26.3000,26.6200,26.0899,-0.008726,-0.013659,-0.018592,0.006074,-0.003792,94.80,9489.00,188.00,1700.00,140.00,758.00,92.00,113.00,59.00
24.400,166,1,1,1,1,26.3000,26.6200,26.0900,-0.023525,-0.023525,-0.018592,0.011007,-0.023525,92.40,9246.00,182.00,1655.00,134.00,738.00,88.00,110.00,59.00
24.500,167,1,1,1,1,26.3000,26.6200,26.0900,0.006074,-0.003792,-0.013659,0.011007,0.011007,89.60,8962.00,176.00,1605.00,130.00,716.00,84.00,107.00,59.00
24.700,168,1,1,1,1,26.3000,26.6200,26.0900,-0.013659,-0.018592,-0.018592,0.011007,-0.018592,82.70,8277.00,160.00,1480.00,116.00,662.00,74.00,99.00,59.00
24.800,169,1,1,1,1,26.3000,26.6200,26.0900,-0.003792,-0.008726,-0.013659,0.006074,-0.003792,78.80,7883.00,150.00,1405.00,108.00,630.00,70.00,94.00,59.00
24.900,170,1,1,1,1,26.3000,26.6200,26.0900,0.001141,-0.008726,-0.008726,0.011007,-0.003792,74.60,7461.00,140.00,1330.00,100.00,596.00,64.00,89.00,59.00
25.000,171,1,1,1,1,26.3000,26.6200,26.0900,-0.023525,-0.023525,-0.018592,0.011007,-0.023525,74.60,7461.00,140.00,1330.00,100.00,596.00,64.00,89.00,59.00
25.100,172,1,1,1,1,26.3000,26.6200,26.0900,-0.003792,-0.013659,-0.018592,0.011007,-0.008726,70.10,7014.00,130.00,1250.00,92.00,560.00,58.00,84.00,59.00
25.200,173,1,1,1,1,26.3000,26.6200,26.0900,-0.008726,-0.013659,-0.023525,0.030740,-0.003792,65.40,6547.00,120.00,1165.00,84.00,522.00,50.00,78.00,59.00
25.400,174,1,1,1,1,26.3000,26.6200,26.0876,-0.008726,-0.008726,-0.018592,0.025807,-0.008726,55.70,5572.00,98.00,985.00,64.00,444.00,38.00,66.00,59.00
25.500,175,1,1,1,1,26.3000,26.6200,26.0889,-0.003792,-0.008726,-0.008726,0.011007,-0.003792,50.70,5073.00,86.00,895.00,56.00,404.00,30.00,60.00,59.00
25.600,176,1,1,1,1,26.3000,26.6200,26.0895,-0.008726,-0.013659,-0.018592,0.015940,-0.008726,45.70,4574.00,74.00,800.00,46.00,364.00,24.00,54.00,59.00
25.700,177,1,1,1,1,26.3000,26.6200,26.0898,-0.008726,-0.013659,-0.018592,0.011007,-0.008726,40.70,4079.00,62.00,710.00,36.00,326.00,16.00,48.00,59.00
25.800,178,1,1,1,1,26.3000,26.6200,26.0899,-0.008726,-0.013659,-0.013659,0.011007,-0.008726,35.90,3593.00,52.00,625.00,28.00,286.00,10.00,43.00,59.00
25.900,179,1,1,1,1,26.3000,26.6200,26.0900,-0.003792,-0.013659,-0.013659,0.020874,-0.003792,31.20,3121.00,40.00,535.00,18.00,248.00,2.00,37.00,59.00
26.100,180,1,1,1,1,26.3000,26.6200,26.0900,-0.003792,-0.008726,-0.013659,0.011007,-0.008726,26.60,2667.00,30.00,455.00,10.00,212.00,-4.00,32.00,59.00
26.200,181,1,1,1,1,26.3000,26.6200,26.0900,-0.003792,-0.008726,-0.013659,0.011007,0.011007,22.30,2238.00,20.00,375.00,2.00,178.00,-10.00,26.00,59.00
26.300,182,1,1,1,1,26.3000,26.6200,26.0900,-0.008726,-0.008726,-0.003792,0.011007,-0.008726,18.30,1835.00,12.00,305.00,-6.00,146.00,-16.00,22.00,59.00
26.400,183,1,1,1,1,26.3000,26.6200,26.0900,-0.003792,-0.008726,-0.003792,0.011007,-0.008726,14.60,1465.00,2.00,235.00,-14.00,116.00,-20.00,17.00,59.00
26.500,184,1,1,1,1,26.3000,26.6200,26.0900,-0.008726,-0.013659,-0.013659,0.011007,-0.003792,11.30,1129.00,-6.00,175.00,-20.00,90.00,-26.00,13.00,59.00
26.600,185,1,1,1,1,26.3000,26.6200,26.0900,-0.003792,-0.008726,-0.003792,0.011007,-0.003792,8.30,833.00,-12.00,120.00,-26.00,66.00,-30.00,10.00,59.00
26.700,186,1,1,1,1,26.3000,26.6200,26.0900,-0.008726,-0.013659,-0.013659,0.006074,-0.008726,5.70,577.00,-18.00,75.00,-30.00,46.00,-32.00,6.00,59.00
26.800,187,1,1,1,1,26.3000,26.6200,26.0900,-0.003792,-0.008726,-0.013659,-0.003792,0.001141,3.60,367.00,-22.00,35.00,-34.00,28.00,-36.00,4.00,59.00
26.900,188,1,1,1,1,26.2948,26.6200,26.0900,-0.003792,-0.008726,-0.013659,0.006074,-0.003792,2.00,202.00,-26.00,5.00,-38.00,16.00,-38.00,2.00,59.00
27.000,189,1,1,1,1,26.2971,26.6200,26.0900,-0.008726,-0.013659,-0.013659,0.030740,-0.008726,0.80,85.00,-30.00,-15.00,-40.00,6.00,-40.00,1.00,59.00
27.100,190,1,1,1,1,26.2988,26.6200,26.0900,-0.008726,-0.013659,-0.013659,0.011007,-0.008726,0.10,18.00,-30.00,-30.00,-40.00,0.00,-40.00,0.00,59.00
27.200,191,1,1,1,1,26.2995,26.6200,26.0900,-0.008726,-0.013659,-0.018592,0.011007,-0.008726,0.10,18.00,-30.00,-30.00,-40.00,0.00,-40.00,0.00,59.00
27.300,192,1,1,1,1,26.2998,26.6200,26.0900,-0.008726,-0.013659,-0.018592,0.011007,-0.008726,0.00,0.00,-30.00,-30.00,-40.00,0.00,-40.00,0.00,59.00
27.400,193,1,1,1,1,26.2975,26.6200,26.0900,-0.008726,-0.013659,-0.018592,0.011007,-0.008726,0.30,32.00,-30.00,-25.00,-40.00,2.00,-40.00,0.00,59.00
27.500,194,1,1,1,1,26.2945,26.6200,26.0900,-0.008726,-0.008726,-0.013659,0.006074,-0.003792,1.10,114.00,-28.00,-10.00,-38.00,8.00,-40.00,1.00,59.00
27.600,195,1,1,1,1,26.2976,26.6200,26.0900,-0.003792,-0.008726,-0.023525,0.011007,-0.008726,2.40,245.00,-26.00,10.00,-36.00,18.00,-38.00,2.00,59.00
27.700,196,1,1,1,1,26.2990,26.6253,26.0900,-0.013659,-0.018592,-0.023525,0.011007,-0.008726,4.20,423.00,-22.00,45.00,-32.00,32.00,-36.00,5.00,59.00
27.800,197,1,1,1,1,26.2995,26.6229,26.0900,-0.008726,-0.013659,-0.013659,0.011007,-0.008726,6.40,647.00,-16.00,85.00,-28.00,50.00,-32.00,7.00,59.00
27.900,198,1,1,1,1,26.2998,26.6213,26.0877,-0.008726,-0.018592,-0.018592,0.011007,-0.008726,9.10,914.00,-10.00,135.00,-24.00,72.00,-28.00,10.00,59.00
28.000,199,1,1,1,1,26.2999,26.6206,26.0835,-0.013659,-0.018592,-0.023525,0.011007,-0.008726,12.20,1222.00,-2.00,190.00,-18.00,96.00,-24.00,14.00,59.00
28.100,200,1,1,1,1,26.3000,26.6202,26.0873,-0.008726,-0.018592,-0.018592,0.011007,-0.003792,15.60,1568.00,6.00,255.00,-12.00,124.00,-20.00,18.00,59.00
28.200,201,1,1,1,1,26.3000,26.6201,26.0890,-0.008726,-0.018592,-0.023525,0.011007,-0.008726,19.40,1948.00,14.00,325.00,-4.00,154.00,-14.00,23.00,59.00
28.300,202,1,1,1,1,26.3000,26.6200,26.0897,-0.003792,-0.008726,-0.018592,0.011007,0.001141,23.60,2359.00,24.00,400.00,4.00,188.00,-8.00,28.00,59.00
28.400,203,1,1,1,1,26.3000,26.6252,26.0899,-0.008726,-0.008726,-0.018592,0.011007,-0.003792,23.60,2359.00,24.00,400.00,4.00,188.00,-8.00,28.00,59.00
28.500,204,1,1,1,1,26.3049,26.6278,26.0899,-0.008726,-0.013659,-0.018592,0.006074,-0.008726,27.90,2796.00,34.00,480.00,12.00,222.00,-2.00,33.00,59.00
28.600,205,1,1,1,1,26.3078,26.6290,26.0900,-0.003792,-0.013659,-0.018592,0.011007,0.001141,32.50,3255.00,44.00,560.00,20.00,260.00,4.00,39.00,59.00
28.700,206,1,1,1,1,26.3091,26.6247,26.0900,-0.008726,-0.013659,-0.018592,0.006074,-0.008726,37.30,3732.00,54.00,650.00,30.00,298.00,12.00,44.00,59.00
28.800,207,1,1,1,1,26.3045,26.6213,26.0900,-0.008726,-0.018592,-0.023525,0.011007,-0.008726,42.20,4221.00,66.00,740.00,40.00,336.00,18.00,50.00,59.00
28.900,208,1,1,1,1,26.3020,26.6206,26.0900,-0.008726,-0.013659,-0.018592,-0.003792,-0.003792,47.10,4718.00,78.00,830.00,48.00,376.00,26.00,56.00,59.00
29.000,209,1,1,1,1,26.3009,26.6203,26.0900,-0.008726,-0.013659,-0.018592,0.015940,-0.003792,52.10,5218.00,90.00,920.00,58.00,416.00,32.00,62.00,59.00
29.100,210,1,1,1,1,26.3004,26.6201,26.0900,-0.008726,-0.018592,-0.023525,0.011007,-0.008726,57.10,5715.00,100.00,1010.00,68.00,456.00,40.00,68.00,59.00
29.200,211,1,1,1,1,26.3002,26.6201,26.0843,-0.008726,-0.013659,-0.023525,0.025807,-0.013659,62.00,6206.00,112.00,1100.00,76.00,496.00,46.00,74.00,59.00
29.300,212,1,1,1,1,26.3001,26.6200,26.0874,-0.008726,-0.013659,-0.023525,0.011007,-0.008726,66.80,6684.00,122.00,1185.00,86.00,534.00,52.00,80.00,59.00
29.400,213,1,1,1,1,26.3000,26.6200,26.0831,-0.008726,-0.008726,-0.018592,0.006074,-0.008726,71.40,7146.00,134.00,1270.00,94.00,570.00,60.00,85.00,59.00
29.500,214,1,1,1,1,26.3000,26.6200,26.0811,-0.013659,-0.013659,-0.028458,0.011007,-0.013659,75.80,7586.00,144.00,1350.00,104.00,606.00,66.00,91.00,59.00
29.600,215,1,1,1,1,26.3000,26.6200,26.0803,-0.008726,-0.018592,-0.023525,0.011007,-0.008726,75.80,7586.00,144.00,1350.00,104.00,606.00,66.00,91.00,59.00
29.700,216,1,1,1,1,26.3000,26.6200,26.0801,-0.008726,-0.013659,-0.018592,0.011007,-0.003792,80.00,8000.00,154.00,1430.00,112.00,640.00,72.00,96.00,59.00
29.800,217,1,1,1,1,26.3000,26.6200,26.0801,-0.013659,-0.018592,-0.023525,0.001141,-0.008726,83.80,8384.00,162.00,1500.00,118.00,670.00,76.00,100.00,59.00
29.900,218,1,1,1,1,26.3000,26.6248,26.0800,-0.008726,-0.018592,-0.028458,-0.003792,-0.003792,87.30,8735.00,170.00,1560.00,124.00,698.00,82.00,104.00,59.00
30.100,219,1,1,1,1,26.3041,26.6254,26.0877,-0.013659,-0.018592,-0.023525,-0.003792,0.015940,93.20,9321.00,184.00,1670.00,136.00,744.00,90.00,111.00,59.00
30.200,220,1,1,1,1,26.3026,26.6258,26.0890,-0.013659,-0.018592,-0.033392,0.011007,-0.008726,95.50,9550.00,188.00,1710.00,140.00,764.00,92.00,114.00,59.00
30.300,221,1,1,1,1,26.3057,26.6248,26.0895,-0.018592,-0.023525,-0.038325,0.011007,-0.008726,97.30,9734.00,192.00,1745.00,144.00,778.00,96.00,116.00,59.00
30.400,222,1,1,1,1,26.3086,26.6244,26.0899,-0.003792,-0.013659,-0.028458,0.011007,0.020874,98.70,9871.00,196.00,1770.00,146.00,788.00,98.00,118.00,59.00
30.600,223,1,1,1,1,26.3097,26.6287,26.0858,-0.003792,-0.013659,-0.018592,0.006074,-0.008726,99.90,9998.00,198.00,1790.00,148.00,798.00,98.00,119.00,59.00
30.700,224,1,1,1,1,26.3099,26.6271,26.0877,-0.008726,-0.018592,-0.018592,0.006074,-0.008726,99.90,9998.00,198.00,1790.00,148.00,798.00,98.00,119.00,59.00
30.800,225,1,1,1,1,26.3099,26.6257,26.0890,-0.003792,-0.003792,-0.013659,0.006074,-0.008726,99.80,9986.00,198.00,1790.00,148.00,798.00,98.00,119.00,59.00
30.900,226,1,1,1,1,26.3100,26.6241,26.0896,-0.008726,-0.018592,-0.023525,0.015940,-0.008726,99.20,9925.00,198.00,1780.00,148.00,794.00,98.00,119.00,59.00
31.000,227,1,1,1,1,26.3100,26.6256,26.0857,-0.008726,-0.013659,-0.018592,0.006074,-0.003792,98.10,9815.00,194.00,1760.00,146.00,784.00,96.00,117.00,59.00
31.100,228,1,1,1,1,26.3100,26.6287,26.0816,-0.013659,-0.018592,-0.013659,0.011007,-0.008726,96.50,9656.00,192.00,1730.00,142.00,772.00,94.00,115.00,59.00
31.300,229,1,1,1,1,26.3100,26.6297,26.0804,-0.018592,-0.023525,-0.028458,0.011007,-0.013659,92.00,9201.00,180.00,1645.00,134.00,736.00,88.00,110.00,59.00
31.400,230,1,1,1,1,26.3100,26.6299,26.0801,-0.008726,-0.013659,-0.013659,0.011007,-0.003792,89.00,8910.00,174.00,1595.00,128.00,712.00,84.00,106.00,59.00
31.600,231,1,1,1,1,26.3100,26.6215,26.0885,-0.008726,-0.013659,-0.018592,0.006074,-0.008726,82.10,8213.00,158.00,1465.00,116.00,656.00,74.00,98.00,59.00
31.700,232,1,1,1,1,26.3154,26.6207,26.0893,-0.008726,-0.013659,-0.028458,0.011007,-0.008726,78.10,7814.00,148.00,1395.00,108.00,624.00,68.00,93.00,59.00
31.800,233,1,1,1,1,26.3123,26.6203,26.0897,-0.008726,-0.013659,-0.018592,0.006074,-0.003792,73.80,7388.00,138.00,1315.00,100.00,590.00,62.00,88.00,59.00
31.900,234,1,1,1,1,26.3111,26.6201,26.0899,-0.008726,-0.013659,-0.018592,0.011007,-0.008726,73.80,7388.00,138.00,1315.00,100.00,590.00,62.00,88.00,59.00
32.000,235,1,1,1,1,26.3104,26.6200,26.0900,-0.008726,-0.013659,-0.013659,0.011007,-0.008726,69.30,6937.00,128.00,1235.00,90.00,554.00,56.00,83.00,59.00
32.100,236,1,1,1,1,26.3101,26.6200,26.0928,-0.008726,-0.008726,-0.013659,0.011007,-0.003792,64.60,6467.00,118.00,1150.00,82.00,516.00,50.00,77.00,59.00
32.200,237,1,1,1,1,26.3100,26.6200,26.0967,-0.008726,-0.013659,-0.018592,0.011007,-0.003792,59.80,5983.00,106.00,1060.00,72.00,478.00,42.00,71.00,59.00
32.300,238,1,1,1,1,26.3100,26.6200,26.0986,-0.013659,-0.023525,-0.028458,0.011007,-0.013659,54.80,5488.00,96.00,970.00,64.00,438.00,36.00,65.00,59.00
32.400,239,1,1,1,1,26.3055,26.6200,26.0993,-0.003792,-0.008726,-0.008726,0.011007,-0.008726,49.80,4989.00,84.00,880.00,54.00,398.00,28.00,59.00,59.00
32.500,240,1,1,1,1,26.3019,26.6200,26.0998,-0.003792,-0.013659,-0.018592,0.006074,-0.008726,44.90,4490.00,72.00,785.00,44.00,358.00,22.00,53.00,59.00
32.600,241,1,1,1,1,26.3007,26.6200,26.0999,-0.008726,-0.008726,-0.013659,0.011007,-0.003792,39.90,3996.00,60.00,695.00,34.00,318.00,14.00,47.00,59.00
32.700,242,1,1,1,1,26.3002,26.6223,26.1000,-0.008726,-0.018592,-0.023525,0.011007,-0.008726,35.10,3512.00,50.00,610.00,26.00,280.00,8.00,42.00,59.00
32.800,243,1,1,1,1,26.3001,26.6266,26.1000,-0.008726,-0.013659,-0.018592,0.006074,-0.003792,30.40,3043.00,40.00,525.00,16.00,242.00,2.00,36.00,59.00
32.900,244,1,1,1,1,26.3028,26.6285,26.1000,-0.008726,-0.013659,-0.018592,0.011007,-0.008726,25.90,2593.00,28.00,440.00,8.00,206.00,-4.00,31.00,59.00
33.100,245,1,1,1,1,26.3086,26.6297,26.0920,-0.008726,-0.013659,-0.018592,0.006074,-0.008726,21.60,2168.00,18.00,365.00,0.00,172.00,-10.00,26.00,59.00
33.200,246,1,1,1,1,26.3093,26.6299,26.0909,-0.008726,-0.013659,-0.013659,0.011007,-0.008726,17.70,1771.00,10.00,290.00,-8.00,140.00,-16.00,21.00,59.00
33.300,247,1,1,1,1,26.3040,26.6299,26.0904,-0.003792,-0.008726,-0.013659,0.011007,0.006074,14.00,1406.00,2.00,225.00,-14.00,112.00,-22.00,16.00,59.00
33.400,248,1,1,1,1,26.3072,26.6300,26.0902,-0.008726,-0.008726,-0.003792,0.006074,-0.008726,10.70,1077.00,-6.00,165.00,-20.00,86.00,-26.00,12.00,59.00
33.500,249,1,1,1,1,26.3091,26.6300,26.0901,-0.003792,-0.013659,-0.013659,0.006074,-0.003792,7.80,787.00,-12.00,110.00,-26.00,62.00,-30.00,9.00,59.00
33.600,250,1,1,1,1,26.3096,26.6300,26.0900,-0.013659,-0.018592,-0.018592,0.011007,-0.008726,5.30,539.00,-18.00,65.00,-30.00,42.00,-34.00,6.00,59.00
33.700,251,1,1,1,1,26.3098,26.6300,26.0847,-0.008726,-0.013659,-0.008726,0.011007,-0.003792,3.30,336.00,-24.00,30.00,-34.00,26.00,-36.00,4.00,59.00
33.900,252,1,1,1,1,26.3054,26.6300,26.0808,-0.003792,-0.013659,-0.018592,0.011007,-0.003792,0.70,71.00,-30.00,-20.00,-40.00,4.00,-40.00,0.00,59.00
34.000,253,1,1,1,1,26.3074,26.6300,26.0804,-0.003792,-0.008726,-0.013659,0.006074,0.001141,0.10,11.00,-30.00,-30.00,-40.00,0.00,-40.00,0.00,59.00
34.100,254,1,1,1,1,26.3091,26.6300,26.0801,-0.003792,-0.003792,-0.008726,0.011007,-0.003792,0.00,2.00,-30.00,-30.00,-40.00,0.00,-40.00,0.00,59.00
34.300,255,1,1,1,1,26.3048,26.6300,26.0800,-0.008726,-0.008726,-0.003792,0.011007,-0.008726,0.40,43.00,-30.00,-25.00,-40.00,2.00,-40.00,0.00,59.00
34.400,256,1,1,1,1,26.3081,26.6300,26.0800,-0.003792,-0.013659,-0.013659,0.011007,-0.008726,1.30,133.00,-28.00,-10.00,-38.00,10.00,-40.00,1.00,59.00
34.500,257,1,1,1,1,26.3095,26.6300,26.0800,-0.003792,-0.008726,-0.008726,0.006074,-0.008726,2.70,271.00,-24.00,15.00,-36.00,20.00,-38.00,3.00,59.00
34.600,258,1,1,1,1,26.3098,26.6300,26.0800,-0.008726,-0.008726,-0.003792,0.011007,-0.008726,4.50,457.00,-20.00,50.00,-32.00,36.00,-34.00,5.00,59.00
34.700,259,1,1,1,1,26.3099,26.6300,26.0800,-0.008726,-0.013659,-0.013659,0.011007,-0.008726,6.80,689.00,-16.00,95.00,-28.00,54.00,-32.00,8.00,59.00
34.900,260,1,1,1,1,26.3042,26.6300,26.0800,-0.008726,-0.018592,-0.023525,0.011007,-0.008726,12.70,1278.00,-2.00,200.00,-16.00,102.00,-24.00,15.00,59.00
35.000,261,1,1,1,1,26.3082,26.6300,26.0800,0.001141,-0.008726,-0.008726,0.011007,-0.003792,16.30,1630.00,6.00,265.00,-10.00,130.00,-18.00,19.00,59.00
35.100,262,1,1,1,1,26.3092,26.6300,26.0800,-0.008726,-0.008726,-0.013659,0.011007,0.011007,20.10,2015.00,16.00,335.00,-2.00,160.00,-12.00,24.00,59.00
35.200,263,1,1,1,1,26.3097,26.6300,26.0800,-0.003792,-0.013659,-0.018592,0.006074,-0.008726,24.30,2431.00,24.00,410.00,6.00,194.00,-6.00,29.00,59.00
35.300,264,1,1,1,1,26.3098,26.6300,26.0800,0.001141,-0.008726,-0.023525,0.011007,0.001141,28.70,2872.00,36.00,490.00,14.00,228.00,0.00,34.00,59.00
35.400,265,1,1,1,1,26.3099,26.6300,26.0800,-0.008726,-0.013659,-0.023525,0.011007,-0.013659,33.30,3334.00,46.00,575.00,22.00,266.00,6.00,40.00,59.00
35.500,266,1,1,1,1,26.3100,26.6300,26.0800,-0.008726,-0.013659,-0.018592,0.011007,-0.008726,33.30,3334.00,46.00,575.00,22.00,266.00,6.00,40.00,59.00
35.600,267,1,1,1,1,26.3100,26.6300,26.0800,-0.023525,-0.023525,-0.028458,0.011007,-0.013659,38.10,3813.00,56.00,665.00,32.00,304.00,12.00,45.00,59.00
35.800,268,1,1,1,1,26.3100,26.6300,26.0800,-0.013659,-0.013659,-0.013659,0.025807,-0.028458,48.00,4802.00,80.00,845.00,50.00,384.00,26.00,57.00,59.00
35.900,269,1,1,1,1,26.3100,26.6300,26.0800,-0.003792,-0.013659,-0.013659,0.011007,-0.008726,53.00,5302.00,90.00,935.00,60.00,424.00,34.00,63.00,59.00
36.100,270,1,1,1,1,26.3100,26.6300,26.0800,-0.018592,-0.018592,-0.028458,0.011007,-0.013659,62.80,6287.00,114.00,1115.00,78.00,502.00,48.00,75.00,59.00
36.200,271,1,1,1,1,26.3100,26.6300,26.0800,-0.003792,-0.013659,-0.018592,0.011007,-0.003792,67.60,6763.00,124.00,1200.00,88.00,540.00,54.00,81.00,59.00
